{
  "camera_from_world": [
    [
      -0.8665439382906912,
      -0.4968721221824875,
      0.04711366266306827
    ],
    [
      -0.10278473529983884,
      0.08528538722256726,
      -0.991040716073582
    ],
    [
      0.4884023968010397,
      -0.8636228904586581,
      -0.1249744048788862
    ]
  ],
  "quaternion_wxyz": [
    -0.15310702470248513,
    -0.20805352638541572,
    0.7205559885241648,
    -0.6434835169196718
  ],
  "method": "stationary_cv_imu_rotation_average",
  "imu_quat_convention": "world_from_imu",
  "imu_to_body_path": "C:\\Users\\china\\Documents\\GitHub\\awesome-dodeca-pen-nicla\\Code\\IMU\\calibration\\imu_to_body.json",
  "dodeca_body_path": "C:\\Users\\china\\Documents\\GitHub\\awesome-dodeca-pen-nicla\\Code\\IMU\\calibration\\dodeca_to_body.json",
  "dodeca_body_method": "creo_parametric_cv_coord_to_pen_body_transform",
  "max_pair_dt_ms": 40.0,
  "sample_count": 689,
  "mean_error_deg": 5.207554211691453,
  "median_error_deg": 4.985320417973326,
  "p95_error_deg": 6.008468796717298,
  "max_error_deg": 12.965260398047457,
  "recordings": [
    {
      "path": "outputs\\calib_pose_1.json",
      "imu_count": 643,
      "cv_count": 268,
      "paired_count": 267,
      "mean_pair_dt_ms": 4.0368289630266885,
      "max_pair_dt_ms": 15.833333275281802,
      "camera_from_world_mean_error_deg": 0.20067453548804629,
      "camera_from_world_p95_error_deg": 0.48273378213059465,
      "camera_from_world_max_error_deg": 0.7001610111945221,
      "cv_rotation_p95_error_deg": 0.48522929422643346,
      "imu_rotation_p95_error_deg": 0.019824110415798134
    },
    {
      "path": "outputs\\calib_pose_2.json",
      "imu_count": 476,
      "cv_count": 193,
      "paired_count": 192,
      "mean_pair_dt_ms": 4.065972222431806,
      "max_pair_dt_ms": 30.83333335257521,
      "camera_from_world_mean_error_deg": 1.7573491761840792,
      "camera_from_world_p95_error_deg": 4.343038342801541,
      "camera_from_world_max_error_deg": 10.966076067332827,
      "cv_rotation_p95_error_deg": 4.162787544802867,
      "imu_rotation_p95_error_deg": 2.4078592281470104
    },
    {
      "path": "outputs\\calib_pose_3.json",
      "imu_count": 535,
      "cv_count": 231,
      "paired_count": 230,
      "mean_pair_dt_ms": 4.226086953541079,
      "max_pair_dt_ms": 31.833333388874507,
      "camera_from_world_mean_error_deg": 0.8313204297809459,
      "camera_from_world_p95_error_deg": 1.64536787164196,
      "camera_from_world_max_error_deg": 2.1059795020865177,
      "cv_rotation_p95_error_deg": 1.6438373330107166,
      "imu_rotation_p95_error_deg": 0.02966107104831137
    }
  ]
}