{
  "camera_from_world": [
    [
      -0.3193110999375191,
      0.947491637354463,
      0.017321045004554614
    ],
    [
      -0.019966102862774893,
      0.011547372459751376,
      -0.9997339710771802
    ],
    [
      -0.9474395897328569,
      -0.3195719877158101,
      0.015230511291526805
    ]
  ],
  "quaternion_wxyz": [
    -0.420555223429028,
    -0.4043238232874741,
    -0.5735041327457334,
    0.5751074331742929
  ],
  "method": "stationary_cv_imu_rotation_average",
  "imu_quat_convention": "world_from_imu",
  "imu_to_body_path": "C:\\Users\\china\\Documents\\GitHub\\awesome-dodeca-pen-nicla\\Code\\IMU\\calibration\\imu_to_body.json",
  "dodeca_body_path": "C:\\Users\\china\\Documents\\GitHub\\awesome-dodeca-pen-nicla\\Code\\IMU\\calibration\\dodeca_to_body.json",
  "dodeca_body_method": "creo_parametric_cv_coord_to_pen_body_transform",
  "imu_cv_bias_path": null,
  "imu_cv_bias_method": "identity",
  "max_pair_dt_ms": 40.0,
  "sample_count": 708,
  "mean_error_deg": 7.313405815481391,
  "median_error_deg": 6.202666789233248,
  "p95_error_deg": 11.25311494000463,
  "max_error_deg": 13.957236361026142,
  "recordings": [
    {
      "path": "outputs\\calib_pose_1.json",
      "imu_count": 535,
      "cv_count": 226,
      "paired_count": 226,
      "mean_pair_dt_ms": 3.9085545725675748,
      "max_pair_dt_ms": 21.333333330888493,
      "camera_from_world_euler_xyz_deg": [
        -72.3884781312782,
        75.0893292591739,
        -164.0192397194062
      ],
      "camera_from_world_angle_deg": 127.11415088133938,
      "camera_from_world_mean_error_deg": 1.4325825362580027,
      "camera_from_world_p95_error_deg": 2.8471672288143335,
      "camera_from_world_max_error_deg": 3.613096700195132,
      "camera_from_world_quaternion_wxyz": [
        -0.4453060991032216,
        -0.4219219405321346,
        -0.5320295098471247,
        0.5836342646305971
      ],
      "cv_rotation_p95_error_deg": 2.849911853983213,
      "imu_rotation_p95_error_deg": 0.02265364260833288
    },
    {
      "path": "outputs\\calib_pose_2.json",
      "imu_count": 550,
      "cv_count": 234,
      "paired_count": 234,
      "mean_pair_dt_ms": 3.9031339031537833,
      "max_pair_dt_ms": 12.999999997554745,
      "camera_from_world_euler_xyz_deg": [
        -97.75600138636851,
        61.60285703626304,
        174.13929602515796
      ],
      "camera_from_world_angle_deg": 138.24630629625074,
      "camera_from_world_mean_error_deg": 1.0386909844069843,
      "camera_from_world_p95_error_deg": 3.36820896844818,
      "camera_from_world_max_error_deg": 3.6279651835086413,
      "camera_from_world_quaternion_wxyz": [
        0.35636045942023487,
        0.36940487265224764,
        0.6289920074532326,
        -0.5838803966417512
      ],
      "cv_rotation_p95_error_deg": 0.9803759873832231,
      "imu_rotation_p95_error_deg": 3.7459705828711987
    },
    {
      "path": "outputs\\calib_pose_3.json",
      "imu_count": 599,
      "cv_count": 248,
      "paired_count": 248,
      "mean_pair_dt_ms": 4.018817204425448,
      "max_pair_dt_ms": 13.99999999848589,
      "camera_from_world_euler_xyz_deg": [
        -82.1552437027506,
        76.24288030959428,
        -170.01027146063439
      ],
      "camera_from_world_angle_deg": 125.77632196957175,
      "camera_from_world_mean_error_deg": 0.8959059287787248,
      "camera_from_world_p95_error_deg": 1.3787931073218926,
      "camera_from_world_max_error_deg": 1.6971986862558688,
      "camera_from_world_quaternion_wxyz": [
        0.4557288419971916,
        0.41858169513934107,
        0.5554820602378638,
        -0.5554640112735231
      ],
      "cv_rotation_p95_error_deg": 1.2996223922806802,
      "imu_rotation_p95_error_deg": 0.12968270211961916
    }
  ]
}