{
  "rotation_matrix": [
    [
      0.020186145146448342,
      -0.7903128906292584,
      -0.6123708471582824
    ],
    [
      0.8723612551308232,
      -0.2853085345835986,
      0.39696962181045314
    ],
    [
      -0.48844483832946917,
      -0.5422218872371213,
      0.6836790657247839
    ]
  ],
  "gravity_camera": [
    0.12112961807766527,
    -9.76178235171749,
    -0.53992490872011
  ],
  "quaternion_wxyz": [
    0.5955158848191275,
    -0.3942764303142096,
    -0.05202464450904303,
    0.6979973952605293
  ],
  "method": "joint_gravity_fit",
  "observable_axes": 3,
  "rmsd": 0.9747585738970731,
  "mean_residual": 0.1518193611010348,
  "max_residual": 0.18497162847908052,
  "recordings": [
    {
      "path": "outputs\\calib_pose_1.json",
      "imu_count": 495,
      "cv_count": 406,
      "measured_accel": [
        -0.9559655296969692,
        8.718655764848487,
        4.216634833939394
      ],
      "accel_std_norm": 0.042413968869269146,
      "gyro_std_norm": 0.0066821152817915196,
      "center_std_norm": 0.0026081874793020417,
      "residual_norm": 0.11332907723904487
    },
    {
      "path": "outputs\\calib_pose_2.json",
      "imu_count": 475,
      "cv_count": 378,
      "measured_accel": [
        -8.752740928842107,
        4.699193791157893,
        -0.4106269322105259
      ],
      "accel_std_norm": 0.033456021054000994,
      "gyro_std_norm": 0.0023894879233567964,
      "center_std_norm": 0.0032055693191898296,
      "residual_norm": 0.18497162847908052
    },
    {
      "path": "outputs\\calib_pose_3.json",
      "imu_count": 578,
      "cv_count": 414,
      "measured_accel": [
        -1.9690290892733566,
        5.282975793771626,
        7.801714044982704
      ],
      "accel_std_norm": 0.039585885421630586,
      "gyro_std_norm": 0.026634227544690692,
      "center_std_norm": 0.006271386551330383,
      "residual_norm": 0.15715737758497908
    }
  ]
}